words,sentiment_coeff
like,-46.014240492796475
school,-47.59048980987125
thing,-49.6987727061512
going,-46.82399399991673
think,46.0298035322782
know,-44.13337195339871
kid,45.530931275374144
really,48.49418971303153
get,52.84214165059096
time,53.99770528443802
would,-49.79578126309311
one,54.069152303253915
go,50.55195156124975
even,48.459089392400145
lot,48.26523586993763
mean,-47.48035920330575
also,-54.12737908156156
want,49.13742515181108
much,43.84777775507353
home,46.96815088972194
see,-53.975607996194945
teacher,52.579570884974686
computer,-54.880444699039316
friend,42.79527557715689
son,-58.346325745819726
work,51.61492274588586
well,54.62438392070609
something,54.0165099250324
day,-43.97046821199245
still,-49.01791493312473
actually,-51.77364529719696
cannot,-48.346261241656435
kind,51.30002994939215
say,50.86001073732962
able,-55.04881759908612
way,48.491038457510506
class,46.81796785367994
could,48.384525603101324
yeah,49.67292503613501
said,-52.779941072184734
inaudible,41.65941433115917
got,-57.056294808381715
use,44.10906890568127
need,44.10897748003569
people,-47.97542882790331
good,-47.30031944071573
phone,55.81467910183493
technology,44.74977391744822
feel_like,-54.535504704928066
back,49.84265325077595
stuff,-43.2296939813488
daughter,45.755597670570126
year,52.72051144954132
pandemic,-44.87155500921641
little,47.42274209771833
child,46.736750371701596
always,47.2754693852836
game,50.0085760460584
okay,45.169686503188295
hard,-42.66285013318978
screen,-46.59806945539598
u,45.032356028453265
take,50.42962495729042
person,46.10356937436779
better,49.744172299843335
positive,-45.271483210467665
parent,-51.681807883092745
two,-44.0389758220521
right,-51.67174738642554
getting,50.02466387458702
online,48.204633937664646
issue,-52.00687788762532
used,-47.60444566130014
maybe,-49.76544542026132
room,-47.4225371956836
social_medium,51.50582326139046
remote,53.88972626782884
great,-50.70308663958053
year_old,-47.88308210709289
whatever,-48.04764643332799
go_back,46.29192122623766
make,-46.82215695218551
help,48.145095847170424
learning,-44.37103408623363
anything,-44.823235534425294
sometimes,45.73688295542949
different,50.261444908993795
put,45.471392486393796
give,49.5055002048911
done,-45.344949094429644
crosstalk,-40.9691643829587
zoom,-44.36441369769051
started,49.090661872300004
everything,45.391835438420046
youtube,60.41945749101106
week,52.78744424050172
device,-45.694058463241326
little_bit,-48.48899029569159
problem,45.4565503921943
definitely,48.883579714861405
sort,52.467374236488695
first,-44.75886960250956
back_school,37.44943660905101
parent_child,46.58064755991743
trying,43.336230435040584
around,-48.34216355993269
tell,-55.93532187797578
homework,44.92056480239995
whole,42.02815242317384
start,-50.58575107999556
least,46.97337457660492
control,45.56799754789132
went,-44.237039527641194
would_say,-45.179159868146705
ipad,47.996493403070765
point,-58.034519808107106
talking,-47.66117615243798
covid,40.90919863796258
guess,-48.99299500488963
watch,49.043359039134586
house,-56.231962296834666
screen_time,-41.55103724996721
difficult,-43.20835521549426
keep,51.49425576278925
away,-49.289285546125555
try,-60.21326786891222
talk,47.05452149177284
part,-47.41197092114083
adhd,46.11940793534118
come,-51.6802247789335
play,-40.43230591875039
find,48.072709100675155
feel,-46.27076837055887
negative,45.75488468917649
every,-51.088853043314
found,52.84958129442635
social,43.05068637634986
everybody,-43.44253122671604
big,45.70778115476985
oh,40.238479167973786
new,42.569156843320826
wanted,49.487497957190136
every_day,39.725288709271
high_school,51.562974922776796
many,-49.77247359531412
hour,41.70391872273593
video_game,-41.96599604378461
already,42.70289743243821
video,-41.02681659768359
working,-41.392355565077
sit,-51.60386883311736
saying,44.743256512038364
classroom,47.68612476687289
never,47.9348278450472
le,-43.134895643060354
sure,-49.74929796486321
let,-38.39709377161858
even_though,50.1826626302831
world,-46.891659039522914
playing,-47.37589209037364
gaming,-47.488055282361586
far,-44.09726436856118
anxiety,46.58696324881503
challenge,39.10680784767116
needed,-47.40016613023849
assignment,40.497814061531756
grade,-45.440491536941536
roblox,42.49394337694374
almost,-54.46063796843109
look,40.760627872904955
term,38.778851631275074
felt,-44.61382286257622
using,-42.59494706188759
access,48.96906267608323
family,41.35062267334258
minute,42.89420977892457
internet,-46.05985174406566
like_oh,39.4542210615309
turn,-46.33040241691219
yes,42.07432702837064
call,-44.22293041393213
together,-37.64497232620156
supposed,40.44625242929936
schedule,42.529884923407536
everyone,-46.36323204480423
old,44.52258288586492
hear,43.18992307743056
became,-47.628354052429025
program,43.00959283267819
helped,-43.60739717521136
life,43.198589555897534
basically,51.42387057152725
morning,43.307717064268914
make_sure,-36.80266819734766
especially,43.72296691682238
learn,-40.84107957777373
student,43.12767049151249
sorry,-38.914379456674325
long,42.397824245107586
night,-43.84870623850497
concern,38.83760750346063
job,35.18496982037526
iep,37.24092762138928
starting,42.764820200984126
understand,45.5770590858777
watching,46.3747066207269
bad,49.529296617655916
nothing,45.597682071059985
stay,-48.86442891731868
someone,-51.47556418939037
transition,42.34985014014826
constantly,-35.09635882858278
open,-51.43463695936275
since,42.57576715822691
looking,51.70182409956644
age,46.499983104537606
real,-41.66248139658188
last_year,-50.79124588192906
made,43.25586646226706
girl,48.7606458920592
enough,46.58795287328716
three,40.6621408537403
show,41.549239044558895
instagram,41.92642943273078
probably,38.86191094185317
course,45.870511120537756
seems,36.377204178748045
outside,42.81461868701673
another,46.2816300951642
fight,44.04968209703192
called,-43.06336007564872
place,42.10480612384634
laptop,-42.57020803765322
yet,48.14545067960834
fun,-40.86470248752991
full_time,-42.65485961601431
let_u,48.70259424470782
skill,43.23911504205597
information,40.2236559523814
guy,-47.76697648364586
stop,-47.85246469622071
schoolwork,50.10496427401512
weekend,-37.95309044096002
agree,-41.24488831846569
focus,48.16015781147333
obviously,-42.8143472298877
month,40.61034564713896
couple,-40.7100814174804
conversation,-36.1918674210588
mom,40.11021747771187
learned,-51.73660636551897
thought,-51.96250169785238
ever,46.07166310415453
gone,-46.21134155052467
five_day,-44.52423129332607
full,45.514843468232705
change,43.55679081165844
bed,39.06281286456298
left,46.01137180731659
sleep,38.22938867584385
saw,50.938222219807095
support,49.077704320992744
meeting,-35.804929910660235
love,42.48977142929468
end,41.702951149199336
reading,-45.770031571394476
writing,53.7576627192578
instead,38.969951410359414
become,-40.84456129545993
tried,41.11053942126084
read,-40.82816432719248
take_away,39.90452209046153
question,-40.27292893523947
block,50.4027470608594
math,40.20537546791506
medication,41.53740763503208
play_game,39.15303096366579
coming,43.2733729288205
either,-38.11203168954888
whether,39.94469565117449
knew,36.02000971060422
experience,33.481855467323165
noticed,46.7252016499355
anymore,46.56398844768669
inperson,43.71149527167233
husband,-43.91505213501671
older,45.388098951163286
break,-48.432695558309454
adult,49.879917186409656
brother,56.19924382437119
live,-45.51745167120843
remember,-40.08833909086081
shut,40.974552170153466
happened,-33.528047145880066
struggle,-42.72297469844397
gotten,-42.00876784237985
interaction,40.327007191880725
type,-40.81552795626677
situation,-41.97170635188224
boy,34.47634783088724
older_one,37.80635234408116
seeing,45.139721505510664
teach,35.88165801871361
discord,40.41283581843464
monitor,39.301971643452525
happening,48.11656494938415
focused,30.194698724356282
physically,-36.17196175381665
teaching,-40.91961888214664
anyway,51.63616616787943
fine,44.810337022673934
middle_school,36.90557167280919
lost,-33.487242369896585
important,43.31407310204712
frustrating,-36.30534588623291
might,-44.999105564370254
pretty,-45.08146902704662
use_computer,36.62800334504734
looking_forward,39.775823766788875
distraction,-32.41113134044615
easy,-37.7163270019766
allowed,37.71058541141543
research,-37.18934532045813
google_classroom,-52.8797901777468
may,-35.89139768635799
unless,51.35374936846305
fact,35.723743373256454
deal,-36.91420073940142
fall,-40.322765369776505
activity,37.89312027423907
september,48.152679269473474
mostly,-43.72581274928778
making,41.35360292733118
came,-35.97099680971246
site,-37.32309523080184
went_back,48.12097389433784
tv,44.04662204723924
best,46.15772480050738
figure,-42.151438282075645
snapchat,-44.77975333628458
struggling,35.341277667565315
ability,45.67630701032507
huge,35.84201348332661
chat,40.890344416284044
set,-44.336719512118826
addiction,-34.174162306197225
go_outside,40.96484608114878
summer,51.26715680125266
nice,-34.5609291567715
crazy,36.92184500951842
worried,-35.528102051845615
last,-35.0941253555447
concerned,42.83436098257184
interested,42.89847577864909
somebody,34.64011839197903
complete,-47.42372129886394
honestly,48.36109008008481
sense,41.68173120085373
happy,-42.30422395265765
completely,38.57283963437865
next,-38.362498599547195
physical,-50.567739631162326
seen,32.51394175735372
late,35.876794284449446
interesting,-39.70607495138415
benefit,-40.77371879470399
terrible,-42.5397078209789
continue,39.44009713012337
believe,44.96043429907044
book,-48.59602232296739
extra,40.071604608542074
tool,-43.96823097010693
mind,42.66336198618213
chromebooks,39.35697116761333
top,44.78825091390666
though,37.21189885541718
younger,-42.504019353863534
bring,36.21119466714586
mentioned,-35.865093656738495
oldest,-36.67773602546121
moving,36.73109801746977
trying_get,-37.283283247865
changed,47.212946545430945
two_day,37.71888189786099
limit,-37.26872662855934
overwhelming,-36.82839821627342
interest,-39.09765584829429
without,-38.40539487957819
parent_said,-40.88805372860879
second,39.873976956406295
check,-48.14622420520703
camera,39.12519769600743
want_play,38.92432258620033
figured,-37.19600171370387
idea,38.83596044165147
easier,30.49188319925078
kept,43.15687260929213
us,-41.08371180023903
come_home,32.77539709613971
difference,38.09669371815458
today,33.85955984878586
overall,43.324516881639134
close,42.53561736734626
worry,-37.19360961919512
relationship,-41.110950485908006
myyearold,-36.983882258566446
taking,39.020080878153294
beginning,-31.882375106837568
involved,31.257244230221616
really_hard,-45.35557343871454
gave,41.45431093182413
group,-36.20560145585142
wake,-41.03658603302698
amazing,-43.536227998336685
paper,-30.045463375447422
leave,32.1786886053409
city,35.95905279567544
send,-43.56439672035532
meet,-52.74440672026057
hand,47.115031489545125
seven,41.08629308506534
cut,41.62723152725444
answer,42.056781631784375
session,39.19259534934952
study,37.89914597784483
god,30.69901891513931
asking,-39.51713503241149
email,40.51757179907109
socializing,35.10214750055346
everybodys,39.271541443370914
forget,-42.22255746582425
eat,-43.15193832671181
happen,46.864414111390694
totally,40.67009449078951
miss,-38.99399375829799
fully_remote,-31.333997847221973
use_technology,37.239471493949594
ask,-33.974389368774695
project,47.28365809115783
side,31.6234526636492
interact,-36.92926558487147
addicted,35.805384918196864
platform,-39.64511752514759
case,-40.52954464162415
rule,44.89051527647909
using_computer,-39.39644755224502
write,-35.4150949098568
hybrid,44.46658319971172
behind,45.74146429183926
move,38.86743064487374
seemed,-34.239862597371
message,-38.41769677447431
minecraft,34.979369482326334
sitting,41.30550482947457
helpful,51.21919958134636
asked,32.749837614007596
socialization,35.53776686440245
matter,-47.76236860564378
younger_one,-49.08341242157323
walk,-43.26621002812924
quick,-39.90704682162616
six,-38.04310786903326
restriction,-36.231526411912476
communicating,41.09994533034824
although,-40.535629810681186
anyone,31.791771338637023
past,50.15553848247082
middle_schooler,40.50447792485318
zoom_class,45.03984288177961
switch,-40.63253291728753
five_minute,-37.24401066250708
chromebook,-28.872706337119137
else,48.74849615371397
took,-44.90433028763141
eye,42.60911479475822
note,-34.62172530988456
whereas,-40.22562842223118
certain,38.271337347933255
playing_game,-33.06506672481929
next_year,-33.871723054089586
hit,44.110392298126634
constant,38.360180270870764
limited,-36.04119736072548
three_day,-40.451690902290395
somehow,32.77976796550777
told,38.23099994424895
pretty_much,44.80623155041047
log,-39.47497452777809
handle,-43.37959390850186
five,32.42456671084467
cry,-44.44767632944871
bit,-43.95833619721788
step,37.77681337526568
like_hey,-34.44334360307068
half,36.961079173077906
helping,-43.061270113130675
two_hour,29.4029443782871
sleeping,43.99884842840324
tiktok,-41.120668964261554
system,-40.866664649671314
day_week,34.79644335727016
possible,-34.23209746733416
google,-39.13939421101044
nobody,-32.11483850579771
busy,-34.98979937867465
would_love,-35.95641842262556
click,-49.69462560084133
taken,35.07001010280286
except,41.49612738040002
environment,-48.110258025916885
emotional,41.65411963267628
academic,33.623456925608714
moment,-33.04881010836852
excited,-35.481709265402614
four,-33.772423183171504
amount_time,36.61699115918799
putting,-48.370057197642474
overwhelmed,30.766320520966623
brain,34.99825466616911
realized,-29.583086196116124
giving,-43.57572714761689
ipads,-39.10694157656171
text,-46.730480934428954
played,41.36733492226764
heard,41.91100799646517
doctor,33.00423697294459
alone,-33.355901621953635
virtual,-34.61447302198205
care,-35.720033114779866
add,29.8574460107881
literally,35.6726079210773
texting,-38.953972849454885
pandemic_started,30.876086813999358
front_screen,31.136871376131467
thinking,35.199047434216325
removed,-41.665035074693954
harder,42.19087141606194
realize,37.520002992708385
finished,-35.96346225508874
share,-33.50619678653789
monitoring,49.5311139418299
building,-35.76587802113663
tech,39.73507078254683
run,45.05579143326186
lunch,-43.207889455887525
certainly,-38.16903163386919
everything_else,-42.59661094599719
window,-31.280560648039323
news,39.12862317342215
form,-42.23450368120717
remote_learning,33.705101023890336
connected,31.557133574538348
distracted,-41.39500225066736
trouble,37.67757396745311
cousin,-36.947540837964766
anybody,43.9761220734522
prior_pandemic,38.06121254917486
spend_time,-39.76847575461493
option,-35.96761114316982
food,38.10111238796286
separate,-40.310336499419854
problematic,34.9572990836333
allow,38.164738477725365
trying_figure,29.6020368383285
general,37.19685602185162
connect,46.54444183914957
youtube_video,39.75125559278992
tablet,27.22287904508958
present,30.671159193260042
finally,39.42458200693907
anything_else,44.09045386461458
sudden,34.64477197348854
speak,32.91352465838926
regulate,37.60990045074998
trust,36.07394764096344
hoping,-33.617110048451536
amount,36.34903956065534
pressure,-31.521688499021277
remotely,40.51490845987516
eight_year,-43.96325500011644
able_control,41.01919630312471
small,-38.47132115651359
engaged,29.72399541279498
effect,-33.59923256971252
exactly,-34.46043591008815
disaster,29.029927445068616
nervous,39.42654842879952
whenever,-35.41983680157212
comfortable,-43.51054334076642
hopefully,33.526710150691606
safety,33.92348049906145
personally,40.12343976105736
ridiculous,35.101692358243575
eightyearold,37.48759192853168
hate,35.53332277124997
reason,35.53414847382231
name_parent,-39.963195093896594
four_year,35.460866485181775
free_time,38.17057835060225
fulltime,47.797126219869746
working_home,-26.811268076756413
come_back,36.347658479026876
entertainment,40.2390894143368
app,-35.44267591741862
fully,-34.17019583874257
three_kid,32.82076679234999
blended,-24.54235141362634
soon,37.15592726562711
feeling,39.300058615677905
anxious,-41.575943072083945
go_bed,36.82346593538829
sick,-32.18438375832173
tough,37.37362107806967
education,32.70721222404358
word,45.38870201910053
process,-29.580091248060302
catch,-34.586290208598044
savvy,-41.23332101170491
positive_negative,39.22306592962476
battle,-37.086490609055
high_schooler,-39.763497961892746
tutor,45.45448872297266
march,35.23846638682937
moved,43.570247486415674
online_learning,34.94876586443334
hour_hour,-30.797055101325622
mine,37.65790572934571
sport,36.59679937490294
subject,37.17292502341004
early,-40.911622427774226
elementary_school,-36.21993302011686
day_long,30.951789639512338
plus,-35.94045885737401
worse,27.4500649078315
push,38.75745865205684
wanting,41.34673638005299
quickly,-36.963429934708806
drama,32.760494611813776
awesome,-24.74967859412467
blended_learning,32.82501084703131
locked,31.549059271423758
charter,27.38937696108436
hope,-31.851980343932283
public,49.29302477177087
bigger,-40.30998274454954
controlling,-27.29459306199662
face,-41.89589082974531
biggest,-36.00922599719231
obsessed,31.4521429341765
many_kid,36.34240095004781
front,37.27255356294587
stuck,38.146786800709116
account,-36.87779585927045
opinion,35.87946405929428
accommodation,34.6030429982864
scary,-35.23144786318938
social_interaction,34.341278420268026
dinner,36.1819245934675
special,33.260058433957276
becomes,-40.38399382805234
hanging,-34.74278120049041
playing_video,-33.04216063003818
earlier,-36.666351320680796
sixth_grade,35.81617621630176
everybody_else,-33.79882072847181
mask,38.59824250367581
test,32.22674752979289
exposed,40.01797124727091
contact,38.21077723140461
college,45.09340491485593
fear,-45.082208717292616
attention,31.751451415344448
semester,38.36703884615486
normal,-40.132269634319464
fifth_grade,45.33385974967081
checking,36.13404286281136
parent_saying,32.70223250929444
stopped,-39.47076430891572
however,-29.449471555554343
much_better,-40.35028200274576
sign,-32.427321283113955
go_sleep,29.233355427830006
long_time,37.61270602793083
netflix,-33.95821954569916
middle_night,30.892893438929836
head,29.69752997822118
feel_comfortable,-42.98901294293777
cohort,-40.469695287441894
listen,-33.79566128558565
comfort,-34.43960616081739
thank,22.84850254821147
vaccine,40.91206189058051
versus,43.58978394900308
rest,32.09397180399284
older_son,-30.20292485722782
thought_would,34.87495975848998
stay_home,-32.397219950047806
august,-35.270053939806736
funny,-40.22865787496872
background,-46.2662533808781
hi,-31.62680923520105
entire,39.37363929279106
opposed,-35.35070397473994
eight,42.945109896725285
decided,31.071358221454766
two_week,-34.43970488958567
overstimulation,-29.841325832362486
opportunity,41.253655022713005
watched,-40.88432786556317
main,38.926465623384985
weird,-37.91962691547514
forward,-30.041500964733753
barely,-33.0248079024014
major,32.702542011845196
knowing,24.985652505932816
absolutely,27.34938735579758
appropriate,42.72198336219843
sending,33.99866251923125
youngest,33.641460676289135
choice,-37.99569833988519
find_way,-29.24472744820267
free,36.23349962201391
turned,34.11041182541613
another_thing,-35.04334896749805
watching_video,39.725679408199184
work_independently,35.24603934894664
type_thing,38.422796654649744
aware,34.71799178459552
somewhat,-37.10918273419217
upset,-51.54880919725072
beforehand,21.503757868224085
taught,35.82378140047131
staying,-33.72962793963263
manage,-40.277121400169335
meaning,29.101173812632673
middle,31.64074112740825
communicate,39.07837808517226
print,33.68320650033932
wanted_say,35.938975291079814
dyslexia,40.825415174461796
broken,42.05740803950508
missing,-30.762002465355078
facetime,37.992084239947005
forgot,-37.77086976947498
necessarily,39.05880794340729
socially,-40.330051425042825
chatting,-28.697829484001197
private_school,32.41019343435517
ayearold,-25.89076522424512
anticipate,36.90861742610003
sneaking,44.64617599270644
play_video,34.078032469514824
three_child,-29.526199020371173
young,-30.672211513685532
using_technology,37.51272634407382
later,-29.67841341417129
art,45.28422617282245
buy,-30.398238509945198
participate,-33.55027135482508
telling,28.81260891063066
talking_friend,-38.094619255160104
television,35.066644600984546
put_phone,29.139155960291134
playing_roblox,31.137952507857108
initially,35.46110939719722
mental,-39.90436580726611
worst,-42.599373036231576
screaming,37.033567040006176
fit,32.51489209010545
afraid,35.76278617077466
force,38.462291066035945
started_new,31.807914330639065
usually,41.01058877109807
able_connect,-33.41029625183606
reach,-32.06829333815307
tired,-36.67241204182956
closer,40.17687585731819
odd,34.60321177070529
academically,-32.22990957854793
communication,35.07741145731599
hearing,28.059205772141706
period,27.691526933392364
hide,-35.363202462147434
wait,-31.452511516073088
awful,25.394668958021324
discussion,-33.718988313679525
lack,46.741555033420994
nightmare,38.97139299102882
scared,-42.18687512999198
past_year,36.02563856160686
drive,-30.418761082185277
pen_paper,-29.778896493569924
movie,-34.35866338913269
careful,-36.63313571097912
tomorrow,-39.529045433103185
overall_positive,31.18432459667776
work_done,32.4888542926581
figuring,25.667678070597482
worked,35.93585924579834
aspect,-33.412573002202194
daily,-33.117867100267965
similar_parent,-37.07845848276374
due,-26.748837584173906
facebook,32.9593650238805
take_walk,40.8273246145115
personal,-52.83269214469568
similar,-25.32035801374267
best_friend,-41.48719228345012
social_anxiety,27.35767575212938
connection,-28.53635972591427
alert,33.46060703960928
language,-39.04736059745185
lucky,-31.43756317478168
sent,-25.045559452044504
health,-33.01775868796847
came_home,-36.584769306548125
quiet,-32.644702945971574
keeping,27.318117321367257
knowledge,-44.25423927575928
respond,-33.70010166439422
grow,40.99726620596778
fast,36.18523396215611
specific,-28.16821090661609
vaccinated,28.753069365603007
easily,37.91951151351056
really_nice,30.71740984427722
adjustment,28.006073411356596
straight,-28.656211766195746
leaving,-38.84595257442413
build,-34.68219732504507
pay,-36.14696189766267
tricky,-37.10541202752712
anyways,-42.51650110320147
dealing,-31.00064508371803
personality,-24.94835752390948
sharing,-36.15507087653059
train,-38.800672993757196
era,-21.870990365696187
bought,28.22375257466723
ended,-34.625777227076135
sneak,32.594135029155076
working_fulltime,-24.386149610665907
confidence,-36.71044973599465
eighth_grade,33.29866526544595
comment,32.45656028026251
recess,38.076735442758476
picture,-34.891965299492135
mentally,-34.49239879240889
sister,-29.69756461482171
challenging,-28.749408836966168
within,-45.37127884397953
disorder,25.197004284585876
psychiatrist,-29.268213683824953
increased,43.23295130679463
door,35.826050898815936
hold,38.425942886345126
given,35.091869588000655
healthy,38.96466571430677
prepandemic,27.40188963098988
trying_keep,37.90809747041809
pick,-31.701813935486822
area,-37.526887205447444
understanding,-34.9441712202043
dog,-28.680317629039575
liked,-41.585755335099414
lot_anxiety,32.45555914595388
bored,34.753875363852806
new_york,38.73189799624695
returning,-37.73990933056256
seem,28.32356087072768
managing,-36.013377737519214
healthy_brain,36.92461781976641
independence,41.28984207978682
hey,38.59804136569804
useless,-33.27713566747006
finish,-37.395247987353564
please,-24.001510034988847
via,-34.68817655367562
behavior,40.793642304490675
living,33.99746721458442
rarely,-35.49640746833671
along,28.673292854325133
every_single,-32.22101521028428
peer,41.92258385642673
space,35.04387838557226
eating,33.19506631202702
gone_back,31.76140083132954
certain_time,-30.11514151370171
go_charter,24.22599059499756
instruction,-32.19922362966149
small_group,37.8258751695866
grader,37.31563778577619
short,39.86210471279567
surprised,26.039972643132817
met,-31.541160022233562
wonder,17.580469779680488
ago,35.48050010895876
result,-35.74055076340262
responsibility,-36.333286216638115
sea,36.81557317266049
decision,39.2126021295455
incredibly,21.523805769340072
biggest_concern,-33.46984399042787
hybrid_schedule,34.763859384879744
come_room,24.744517004402113
currently,42.89865681849483
prior,35.09314303145744
get_along,28.10758760159502
could_find,31.178628160164113
social_aspect,-35.20651964067394
dude,30.31117815117853
picked,-31.76537005590647
dance,-26.193764438277704
something_else,26.368401881129266
join,-36.60673915595593
silver_lining,23.150171788418238
work_sit,-37.21452977280872
bus,40.99940966258594
noise,-32.52560894029478
right_next,-34.940710085463195
hang,34.845246252205136
older_daughter,-39.286631377498345
response,-29.206172832831587
emotionally,-29.020948385742894
isolated,33.96227895306161
ninth_grade,-33.56742364365204
engaging,30.291329536102598
answer_question,38.405910923140645
smaller,33.43571425205678
sixth_grader,36.43776687771593
fantastic,31.158188738754
offered,-34.17814738610426
human,33.33723270395672
available,27.43598326311094
routine,-36.776973337357106
friday,34.85205937079634
wrong,29.528551646535455
chair,-41.060359327161684
improving,-31.30569970061532
consider,34.713110205401655
yeah_definitely,-41.045154921682276
really_happy,29.65798716605135
material,31.017289257821165
recognize,-26.88587672740187
respect,37.309691552745086
hard_keep,28.860515463756233
make_choice,-32.902194046421485
imagine_going,29.995920443779934
accountability,31.492952470923875
ask_question,36.036221105292604
light,30.07482595768099
often,-34.78590478441354
play_roblox,-29.828065084529467
enabled,31.633183321025165
example,29.84254125534424
nine,-30.415033856795652
connecting,-29.03411998458208
speaking,-33.3926944753072
switched,31.286401164306135
track,-39.13683374059996
introverted,-28.201030782524345
live_class,33.88396862577292
quite,34.962295210340784
orchestra,29.9149927603599
time_spent,-26.32684221366836
horrible,-36.00424063793652
opened,-35.79030498569667
ot,18.537919368790526
charter_school,32.02768867421618
create,31.828259094015525
concerning,30.07107434867901
size,34.97003716084159
therapist,-34.899435326773514
counseling,25.35876438271832
bedtime,21.658767149316283
brought,29.356134029854786
lock,-38.67276634828425
hell,34.52205445144794
quarantine,-40.637618534961064
january,-33.30096870875876
faster,28.20517334924701
energy,38.591501409573304
third,-29.724892411258402
missed,27.492286560366313
among_u,38.60716281925514
others,40.159807560632
uniform,37.914374465789294
mad,31.4903287813728
country,-45.48610821439299
body,44.38128434343397
vacation,32.53939788289078
last_march,24.237097188245468
safe,25.07580035881422
since_pandemic,29.96457259581485
connecticut,-41.11865552685203
hated,-32.19783655025592
fill,-31.340032877546708
thank_god,40.81642404960361
electronics,28.559729750765165
money,35.59337368468952
shared,27.786555319269787
became_problem,30.311104379682515
inperson_learning,-48.819838434361664
educational,38.20368686804055
develop,-35.02268401383765
asynchronous,-35.319491210886135
really_quickly,-36.75480171300087
diagnosed,-35.53117946687845
content,27.394615473662007
downstairs,33.86058353395454
worker,32.16259941713632
vitamin,37.985691934250866
gift,32.71073756635748
engage,-33.67562115687414
guilty,-29.239850390481898
oh_okay,-27.135702518535854
usage,-31.94714834030038
access_youtube,28.746703292552862
end_year,35.23530021631996
fiveyearold,-40.213192793868195
flip,-38.50343403240021
angry,-39.58349198124122
goal,-27.31246674269155
oldest_son,29.895309245028084
intense,31.431559764690945
including,-32.90061231187011
certain_thing,30.924180436287706
notice,-29.4773316812528
creating,34.63515270159964
andrew,-30.62080482675042
particularly,-36.37433826304385
proud,-31.828801254132426
exhausting,-28.37584233448151
seven_year,31.254463633663573
page,-43.729781136000625
logged,-29.53256155726647
strict,29.596907173050667
listening,34.469261308702755
transition_back,-29.897503406029998
box,32.70566121589562
medium,29.952907875006357
society,-27.67429561715148
resource,-38.12206426835402
certain_amount,-26.281696631587575
would_spend,36.326231559898474
go_park,34.92251376268154
ready,-35.66065074040731
offer,32.32232316683131
opening,31.301720937761413
story,37.61277889331388
follow,-34.960849475741384
total,-44.02816848871671
average,35.44954699256638
recently,30.237295722309824
depressed,-30.677111003663388
argument,-29.898218880854134
read_book,34.58279602538584
group_chat,33.09561404547923
keep_track,27.61812139498819
wondering,-29.508349691191732
channel,27.77500362894176
basis,29.958744453732777
actually_helped,23.455113441042013
organized,-36.48091503566329
two_three,-36.24773543579644
alternative,38.34761849043808
lenient,-24.803372458204745
floor,-39.40018298422393
thing_opening,36.10518255159143
walking,25.487122921467176
joke,-29.120180818213832
gamer,-26.78438746792785
chess,-35.121641241685246
oversimplified,-43.6284216498383
history,37.763564752157876
beneficial,31.608779042412714
inside,32.752997780517795
way_around,34.44699269848596
three_week,-33.29285434536991
month_ago,36.1766903787796
state,32.86040011797029
way_communicate,23.660588384256044
feedback,-33.72675409867796
zero,-35.542377865689325
communicate_friend,-30.755968679525314
minimal,25.444053390917308
animal_crossing,-48.08516491999694
tutoring,37.98260810254362
always_issue,41.584859908536515
navigate,32.00493983806946
talked,38.61980120769506
able_focus,36.711220939275556
pod,-34.09491221877681
watching_youtube,30.936571109434194
bunch,-33.780900881404925
otherwise,-25.156479630252417
similar_experience,30.54433701602987
navigating,30.77597441664306
lockdown,36.37377344902226
thrown,36.75973822759866
want_stay,-35.88422704455241
actual,29.619793415687766
cannot_block,29.93394087443156
hair,-38.66268638310861
independent,33.83452672455232
year_ago,24.750683437176768
balance,25.844059949918933
scream,30.909843732558084
woman,-39.804130204710646
youtubers,28.355749406795734
prepared,23.949187452150984
desk,24.644381679916386
transitioned,31.90780904527924
sit_front,27.929173823443662
post,-28.99635846527547
typing,31.293250054048155
begin,24.435701653464733
link,33.55038130888709
hi_name,-23.26845583330494
feel_bad,31.175652304033694
besides,-33.71660418027353
entertain,30.130152750558402
band,-22.5713584108923
two_boy,-32.627141378327806
controlled,-30.196841716669756
playground,-38.30117162974261
doe,-35.78124988425412
anyearold,27.787715859362
special_need,30.515965637416084
part_life,-14.850580231720384
earn,-34.86174357546171
oh_sorry,-25.70309547012087
maybe_month,32.65896945074271
calling,31.210117711428314
seesaw,37.32377330510736
party,38.07708266148388
started_watching,-36.38548486061949
business,-31.550974484862163
driving_crazy,32.00179120848295
half_hour,-28.565650650635774
suck,-33.666843879555124
youtuber,-33.463610328609285
absolutely_want,34.13269564267483
watch_youtube,29.17862764264984
bathroom,-29.602326045324244
remote_certain,30.624641834116456
struggled,-29.221677638300605
distract,26.80857918348084
back_forth,32.93908894869126
parental_control,25.61351277862401
get_sucked,27.36703993042302
many_different,-41.46405236123929
pace,-36.72253482943686
mute,31.130734395715677
para,-33.565911763303745
helped_u,-28.27306943326889
daughter_adhd,34.65374705504474
began,-26.701013686627814
younger_son,-33.32245763672132
playstation,34.8869452051041
living_room,-39.60910412855577
name,-33.358827934673656
frustration,27.392836885831343
pen,34.50990719599237
per,31.468925882378244
community,-38.187943027043254
expensive,-32.57732624958512
real_quick,24.884120698461246
true,-28.128671176957486
asynchronous_learning,-22.097161007727976
depression,31.999993186979182
con,-42.7307439676765
assistive_technology,-28.762345593239143
piece,38.207022940379126
complaining,27.934947418503526
whoever,31.855295944241046
moving_forward,33.37452283826309
bubble,30.538925504172166
childrens,31.1542113117494
stress,30.294263041972975
cold,-35.1818452437152
take_picture,-34.3409244731846
laptop_phone,-33.75573567407384
take_break,40.27650615266838
yard,-32.05867956330814
coming_back,-22.457703848351862
depending,-37.369224885618195
air,-29.56159901661964
covid_started,-33.416753872741936
value,-29.674981621113258
mommy,36.5920117880726
chance,-21.16411971968376
guess_good,35.810402631930046
night_come,31.377514122006634
cause,32.15383495911842
constant_battle,36.86915972844697
get_fresh,-37.64836911491603
goodness,-33.31216595599843
effort,-44.12889081313276
precovid,17.14387013365965
last_week,-31.82843918587806
policy,-35.94905449875611
order,-35.251886493882594
dropped,-33.890169313627865
office,39.5687302370457
ton,29.610761382705086
sensory,-35.79386075589079
asks,-26.112238655081242
think_socially,-25.867997770334732
discord_chat,28.978819576470034
getting_dressed,-33.21095765621722
exercise,40.037565821379644
sheltered,-29.796751110918713
cyber_security,-31.482590355313423
isolating,18.966791106707173
technology_usage,30.060011236574084
pajama,29.14869996964536
asthma,-31.57193871441406
dependent,34.961082670771404
negotiating,-33.5310404103835
network,36.040614017128796
flexibility,-28.491175696797235
seven_hour,30.913562304107685
jump,-29.957655555816288
affected,-21.819692783407138
negative_aspect,37.107744849506844
interacting,37.092135885929395
meal,-35.64953559455915
bad_day,44.81062047525309
ride,33.03890697168782
chat_room,28.10125130773831
direction,40.33793408074437
outdoors,-27.27307254382055
watching_tv,-30.233903236155196
much_tv,26.697280346504677
watch_tv,32.305167915035426
withdrew,-27.64351812137823
sitting_desk,31.63499268516254
happens,30.392882561902187
tottenville,-38.679869323817904
habit,37.767801755280836
came_back,30.85423767027866
face_face,-25.34412065010157
service,21.58608630013547
grab,-29.15502664486823
weather,-36.7832407023545
zoom_zoom,-32.06275163326245
instagram_tiktok,27.77096952912316
facebook_instagram,35.90071433459511
theth_grade,-37.475182620954634
went_around,-37.04054351595514
became_obsessed,27.720674041962422
drop,36.81140934583588
permission,-31.411174983757014
made_aware,-30.30982594364397
interrupted,31.97870088331756
trash,40.00476879830176
voice,-22.29017992213068
streak,-39.04526430668793
spending,-29.74140151140317
whatsapp,29.655598067889954
baby,32.88533971913063
miss_parent,30.366966666269168
looking_screen,-38.812985349556655
guiding,28.536150079668396
yeah_wanted,-26.08237428696737
yelling,-34.53383418654544
wear,35.14358220154399
sad,-39.899273259256326
cannot_stop,28.273119519006016
alexa,-17.915111023592246
picking,-29.478903872201037
go_eat,36.57208411838249
larger,-30.06264572580188
normally,-25.60697612191858
planning,34.468228170385174
porn,43.54402890842146
never_seen,24.06940664252611
toy,31.56069242012187
growth,28.58467877756795
interestingly_enough,19.90907944008563
showing,-31.140999010798836
inappropriate,27.855849569619206
graduated,28.51599484825722
distressing_time,37.40459982236429
artist,31.684447325421864
apologize,31.42606521282172
need_met,42.64828085704038
running,-37.425800825314084
wearing_mask,-31.584429128308972
contact_people,-36.56586358241033
bullying,33.093842625405806
throughout,32.54988042882054
pay_attention,28.295510242502644
broke,33.28892390198921
making_sure,37.170326162147475
iphone,-28.706241194535654
indoors,-30.493997057810343
endless,-30.224021051850364
creative,31.077387576123886
say_hey,-31.515182181014204
famous,-28.76987974199049
ton_money,32.52737324855047
following,36.141461660637965
appointment,-32.6445609355953
lot_harder,25.82506769475941
self,-29.557454220287735
current,-32.297966984268506
beautiful_day,21.22342502354157
ocd,-31.199737617684317
teacher_teaching,-32.7843081139155
teacher_amazing,-34.65511310884199
middle_daughter,41.372368166555304
household,-25.936311497206322
actually_improved,-35.43515374591695
foot,-21.449012806819443
tremendous,32.68499807439235
happier,-32.91981929955095
setup,-39.129414252463675
played_game,31.800775665742623
kid_age,-31.61926035173985
six_month,34.11004930223633
child_mom,28.24269609062612
birthday,-24.177938026372658
private,-36.134094970515434
one_reason,-37.53239244616886
super,-30.40623890856748
afternoon,-31.539342999907866
feeding,36.94670184777886
road,23.926329659762565
apart,41.82007160914415
chose,-42.26332228665172
prek,-31.390752778969638
guess_sort,-35.41094223492317
mention,28.105356484223343
structure,26.176297470596253
number,37.968761675156905
playing_many,-24.884467920309113
reward,37.86309541104217
addition,-30.01238015336725
theyearold,-24.609565477569358
written,-26.315238352842158
filter,33.91500957255163
capable,-26.079000433423147
getting_trouble,-29.0659129900585
term_education,27.25699772828995
socialize,28.761040804577256
like_drug,31.26241895030845
jumping,-35.98389897592316
must,-29.195869881760533
laid,26.108763062949915
child_never,29.079574003417875
successful,-33.836626348083335
cannot_believe,-31.659943136071746
camp,-40.147685020440704
curious,33.42756017298896
killing,-30.30791483545441
accept,31.242944067698286
focusing,-24.887674726529855
cognitive_behavioral,-28.53892402571473
lot_restriction,-31.444388752273586
wish,24.91466871935709
past_month,-26.06928284530972
affecting,33.85133741113153
fault,23.56848681172927
flip_side,25.11549418910473
fighting,27.26094311335125
daughter_never,-30.988567815981988
go_anywhere,28.505853428727654
car,29.99196784944182
end_day,29.334854044219856
introvert,32.533197682235645
big_part,32.608087479673785
go_twice,-33.65321762311345
directly,26.692658222911202
case_think,-21.96493924197745
exact,28.819161859810666
year_september,34.55949276691655
spectrum,36.65540075766231
graduating,-26.659790322105053
several_time,35.56909678536372
password,31.708361644369184
evening,27.87833014848714
let_play,-29.528118595058967
positive_outcome,-36.05690786964146
similarly,-29.178912407437682
developed,-32.61880507370292
would_send,31.147887928930764
mother,27.57797057413426
wall,34.930720950871866
managed,-26.785184036246108
french,42.60234863885681
grew,32.80330596879418
line,24.078450185995035
six_foot,30.062216246766283
becoming,35.244351408816804
rip,29.63571251368641
pool,-24.220137376336616
florida,43.644894907623105
play_minecraft,-21.396912280806244
failing,28.93233465979079
get_upset,27.8716808556153
could_look,-33.45233599002661
make_sense,-29.492842723119377
interesting_see,-28.765104243389167
much_comfortable,26.73885601402021
finding,-36.864036752883415
waiting,24.006493296261148
support_system,30.86988188347788
spent,26.405144521242843
social_emotional,38.638383721280626
school_issued,-25.810046499147223
everywhere,-28.820347992687456
falling,-33.785652357524626
younger_daughter,-38.72178164639743
walk_around,34.77693171195204
extra_help,42.17408452167954
really_smart,36.550805683420464
motivated,-16.11256072342395
acting,40.909853171164265
sat,-31.58259890413806
fish,34.50994083329814
fish_tank,-32.98656479746009
kindergarten,29.96235293895788
rather,-36.72132862958632
backwards,30.038012641012365
towards,-38.563211207322546
much_harder,27.81261526135521
pc,26.637509457601364
schooling,-37.91042922813685
structured,-34.31383568532426
running_around,32.39116199212822
midnight,-33.65534933556538
pushing,29.977991143493227
outweigh,29.490534464351956
lego,-33.43529091840589
sits,24.70007247780137
sevenyearold,-32.36187778163333
throughout_day,26.101361631630972
away_screen,30.367518731153933
opposite,31.317427924492048
spend,30.616619867088705
bother,-33.6300158774142
choose,34.398265099745565
active,-32.0518560764607
technologically,34.21294451065736
favorite,38.87968824310314
surprise,32.9148701511587
progress,32.14336499273585
high_functioning,-31.38974282820054
list,26.695280034724384
handing_assignment,32.84386838445642
wide,-32.500414255705216
frustrated,-33.28882054470254
act,31.562281428336433
oh_god,35.2649058172139
depended,29.128634765416066
forced,43.281732255432146
fly,31.464147358529218
cell_phone,-28.240385837725746
anticipating,-24.591272448382473
report,-31.92268226236978
special_ed,-29.943712800300084
whole_new,-24.908150004140683
definitely_become,-28.593714602921946
strategy,22.325344271699574
electronic,30.463283701912623
draw,37.58870051777697
drug,25.105337573104823
admit,-39.12413226970203
lying,36.98024108745976
tends,-22.881371819219513
spring,-31.68568077500624
level,-31.211775286954364
relate,-19.217426329229788
pop,28.836462900388785
man,32.44397853701548
educational_program,31.205935911836235
none,-28.559065188555405
blocked,33.89333207830284
website,25.66611760219041
unnecessary,-40.27750245528554
apartment,-30.069566537097725
lose,-36.771025512223495
cool,31.058886251540386
encyclopedia,42.09665891126028
annoying,25.778544444503343
lived,-28.446049982455847
get_worse,29.536589175476784
nintendo_switch,-36.94368733815775
